{
    "Coefficient": {
        "10_PAY_0": 9322.6396484375,
        "8_LIMIT_BAL": 1197.9200439453,
        "17_PAY_AMT2": 1165.6300048828,
        "16_PAY_AMT1": 1135.7600097656,
        "1_BILL_AMT1": 1069.1300048828,
        "11_PAY_2": 881.9099731445,
        "18_PAY_AMT3": 839.1729736328,
        "0_AGE": 736.0139770508,
        "21_PAY_AMT6": 666.7709960938,
        "12_PAY_3": 665.9190063477,
        "2_BILL_AMT2": 660.9639892578,
        "4_BILL_AMT4": 635.0040283203,
        "19_PAY_AMT4": 595.9949951172,
        "6_BILL_AMT6": 536.6090087891,
        "3_BILL_AMT3": 488.5369873047,
        "20_PAY_AMT5": 457.425994873,
        "5_BILL_AMT5": 454.8599853516,
        "14_PAY_5": 443.2430114746,
        "13_PAY_4": 388.6690063477,
        "15_PAY_6": 282.3210144043,
        "7_EDUCATION": 255.5,
        "9_MARRIAGE": 182.1289978027
    },
    "Standard Deviation of Coefficient": {
        "10_PAY_0": 0.0,
        "8_LIMIT_BAL": 0.0,
        "17_PAY_AMT2": 0.0,
        "16_PAY_AMT1": 0.0,
        "1_BILL_AMT1": 0.0,
        "11_PAY_2": 0.0,
        "18_PAY_AMT3": 0.0,
        "0_AGE": 0.0,
        "21_PAY_AMT6": 0.0,
        "12_PAY_3": 0.0,
        "2_BILL_AMT2": 0.0,
        "4_BILL_AMT4": 0.0,
        "19_PAY_AMT4": 0.0,
        "6_BILL_AMT6": 0.0,
        "3_BILL_AMT3": 0.0,
        "20_PAY_AMT5": 0.0,
        "5_BILL_AMT5": 0.0,
        "14_PAY_5": 0.0,
        "13_PAY_4": 0.0,
        "15_PAY_6": 0.0,
        "7_EDUCATION": 0.0,
        "9_MARRIAGE": 0.0
    },
    "Description": {
        "10_PAY_0": "PAY_0 (original)",
        "8_LIMIT_BAL": "LIMIT_BAL (original)",
        "17_PAY_AMT2": "PAY_AMT2 (original)",
        "16_PAY_AMT1": "PAY_AMT1 (original)",
        "1_BILL_AMT1": "BILL_AMT1 (original)",
        "11_PAY_2": "PAY_2 (original)",
        "18_PAY_AMT3": "PAY_AMT3 (original)",
        "0_AGE": "AGE (original)",
        "21_PAY_AMT6": "PAY_AMT6 (original)",
        "12_PAY_3": "PAY_3 (original)",
        "2_BILL_AMT2": "BILL_AMT2 (original)",
        "4_BILL_AMT4": "BILL_AMT4 (original)",
        "19_PAY_AMT4": "PAY_AMT4 (original)",
        "6_BILL_AMT6": "BILL_AMT6 (original)",
        "3_BILL_AMT3": "BILL_AMT3 (original)",
        "20_PAY_AMT5": "PAY_AMT5 (original)",
        "5_BILL_AMT5": "BILL_AMT5 (original)",
        "14_PAY_5": "PAY_5 (original)",
        "13_PAY_4": "PAY_4 (original)",
        "15_PAY_6": "PAY_6 (original)",
        "7_EDUCATION": "EDUCATION (original)",
        "9_MARRIAGE": "MARRIAGE (original)"
    }
}