{
    "Relative Importance": {
        "10_PAY_0": 1.0,
        "11_PAY_2": 0.2104113251,
        "8_LIMIT_BAL": 0.1159667671,
        "1_BILL_AMT1": 0.1083248407,
        "17_PAY_AMT2": 0.1063043624,
        "16_PAY_AMT1": 0.0903360248,
        "18_PAY_AMT3": 0.0802760124,
        "12_PAY_3": 0.0645905212,
        "0_AGE": 0.0629484281,
        "19_PAY_AMT4": 0.0598580092,
        "21_PAY_AMT6": 0.0586948991,
        "2_BILL_AMT2": 0.0542357378,
        "4_BILL_AMT4": 0.0530315563,
        "14_PAY_5": 0.0511437245,
        "20_PAY_AMT5": 0.0470102131,
        "3_BILL_AMT3": 0.0465271734,
        "6_BILL_AMT6": 0.0457646847,
        "5_BILL_AMT5": 0.0403230377,
        "13_PAY_4": 0.0334139839,
        "15_PAY_6": 0.0301122442,
        "7_EDUCATION": 0.0115518244,
        "9_MARRIAGE": 0.0082345288
    },
    "Standard Deviation of Relative Importance": {
        "10_PAY_0": 0.0,
        "11_PAY_2": 0.1415591867,
        "8_LIMIT_BAL": 0.0153143999,
        "1_BILL_AMT1": 0.0077692606,
        "17_PAY_AMT2": 0.0228912657,
        "16_PAY_AMT1": 0.0384932389,
        "18_PAY_AMT3": 0.0119035133,
        "12_PAY_3": 0.0083603544,
        "0_AGE": 0.019557826,
        "19_PAY_AMT4": 0.0049770739,
        "21_PAY_AMT6": 0.0156783668,
        "2_BILL_AMT2": 0.0203674779,
        "4_BILL_AMT4": 0.0184356982,
        "14_PAY_5": 0.004399014,
        "20_PAY_AMT5": 0.0025129926,
        "3_BILL_AMT3": 0.0071824578,
        "6_BILL_AMT6": 0.0144172858,
        "5_BILL_AMT5": 0.0103503785,
        "13_PAY_4": 0.0101169533,
        "15_PAY_6": 0.0002091774,
        "7_EDUCATION": 0.0,
        "9_MARRIAGE": 0.0
    },
    "Description": {
        "10_PAY_0": "PAY_0 (original)",
        "11_PAY_2": "PAY_2 (original)",
        "8_LIMIT_BAL": "LIMIT_BAL (original)",
        "1_BILL_AMT1": "BILL_AMT1 (original)",
        "17_PAY_AMT2": "PAY_AMT2 (original)",
        "16_PAY_AMT1": "PAY_AMT1 (original)",
        "18_PAY_AMT3": "PAY_AMT3 (original)",
        "12_PAY_3": "PAY_3 (original)",
        "0_AGE": "AGE (original)",
        "19_PAY_AMT4": "PAY_AMT4 (original)",
        "21_PAY_AMT6": "PAY_AMT6 (original)",
        "2_BILL_AMT2": "BILL_AMT2 (original)",
        "4_BILL_AMT4": "BILL_AMT4 (original)",
        "14_PAY_5": "PAY_5 (original)",
        "20_PAY_AMT5": "PAY_AMT5 (original)",
        "3_BILL_AMT3": "BILL_AMT3 (original)",
        "6_BILL_AMT6": "BILL_AMT6 (original)",
        "5_BILL_AMT5": "BILL_AMT5 (original)",
        "13_PAY_4": "PAY_4 (original)",
        "15_PAY_6": "PAY_6 (original)",
        "7_EDUCATION": "EDUCATION (original)",
        "9_MARRIAGE": "MARRIAGE (original)"
    }
}