{
    "gain": {
        "0.01": 0.0381407673,
        "0.02": 0.0743364386,
        "0.03": 0.1090123233,
        "0.04": 0.1420229829,
        "0.05": 0.173704994,
        "0.1": 0.3198010311,
        "0.15": 0.4289581479,
        "0.2": 0.516530929,
        "0.3": 0.6360829171,
        "0.4": 0.7222992207,
        "0.5": 0.7955037904,
        "0.6": 0.8624235294,
        "0.7": 0.9115037345,
        "0.8": 0.9511176051,
        "0.9": 0.9812169855,
        "1.0": 1.0
    },
    "lift": {
        "0.01": 3.8140767311,
        "0.02": 3.7168219316,
        "0.03": 3.6337441113,
        "0.04": 3.5505745719,
        "0.05": 3.4740998794,
        "0.1": 3.1980103111,
        "0.15": 2.8597209861,
        "0.2": 2.5826546451,
        "0.3": 2.1202763903,
        "0.4": 1.8057480517,
        "0.5": 1.5910075809,
        "0.6": 1.4373725489,
        "0.7": 1.3021481921,
        "0.8": 1.1888970064,
        "0.9": 1.090241095,
        "1.0": 1.0
    },
    "k-s": {
        "0.01": 0.0361137349,
        "0.02": 0.0697120468,
        "0.03": 0.1013754178,
        "0.04": 0.130910354,
        "0.05": 0.1587038435,
        "0.1": 0.2819982706,
        "0.15": 0.3580801425,
        "0.2": 0.4062988669,
        "0.3": 0.4313370007,
        "0.4": 0.4136129431,
        "0.5": 0.3792483947,
        "0.6": 0.336757095,
        "0.7": 0.2714334939,
        "0.8": 0.1939197659,
        "0.9": 0.1042159109,
        "1.0": 0.0
    }
}