{
    "Relative Importance": {
        "PAY_0": 1.0,
        "PAY_2": 0.2979759574,
        "LIMIT_BAL": 0.1321660727,
        "BILL_AMT1": 0.1238496825,
        "PAY_AMT3": 0.1144519821,
        "PAY_AMT2": 0.1090131178,
        "PAY_AMT1": 0.0931607857,
        "AGE": 0.0768363401,
        "PAY_3": 0.0702030137,
        "PAY_AMT4": 0.0686591417,
        "BILL_AMT2": 0.068122521,
        "PAY_AMT6": 0.0650797635,
        "PAY_AMT5": 0.0634614453,
        "BILL_AMT6": 0.0497989506,
        "BILL_AMT5": 0.0493900925,
        "PAY_5": 0.0486354232,
        "PAY_4": 0.0477524474,
        "BILL_AMT4": 0.0475154929,
        "BILL_AMT3": 0.0470869616,
        "PAY_6": 0.0401815958,
        "EDUCATION": 0.0147396764,
        "MARRIAGE": 0.0081547135
    },
    "Shift in Relative Importance": {
        "PAY_0": -0.1080995392,
        "PAY_2": 0.064819265,
        "LIMIT_BAL": 0.0036633516,
        "BILL_AMT1": 0.0038149765,
        "PAY_AMT3": 0.0254981697,
        "PAY_AMT2": -0.0087826972,
        "PAY_AMT1": -0.0069405217,
        "AGE": 0.007083216,
        "PAY_3": -0.001369713,
        "PAY_AMT4": 0.0023305092,
        "BILL_AMT2": 0.008023925,
        "PAY_AMT6": 3.99729e-05,
        "PAY_AMT5": 0.0113694498,
        "BILL_AMT6": -0.0009128755,
        "BILL_AMT5": 0.004708153,
        "PAY_5": -0.0080369143,
        "PAY_4": 0.0107264273,
        "BILL_AMT4": -0.0112487502,
        "BILL_AMT3": -0.0044697778,
        "PAY_6": 0.0068142319,
        "EDUCATION": 0.0019391051,
        "MARRIAGE": -0.000969964
    }
}