{
    "Relative Importance": {
        "10_PAY_0": 1.0,
        "11_PAY_2": 0.2979759574,
        "8_LIMIT_BAL": 0.1321660727,
        "1_BILL_AMT1": 0.1238496825,
        "18_PAY_AMT3": 0.1144519821,
        "17_PAY_AMT2": 0.1090131178,
        "16_PAY_AMT1": 0.0931607857,
        "0_AGE": 0.0768363401,
        "12_PAY_3": 0.0702030137,
        "19_PAY_AMT4": 0.0686591417,
        "2_BILL_AMT2": 0.068122521,
        "21_PAY_AMT6": 0.0650797635,
        "20_PAY_AMT5": 0.0634614453,
        "6_BILL_AMT6": 0.0497989506,
        "5_BILL_AMT5": 0.0493900925,
        "14_PAY_5": 0.0486354232,
        "13_PAY_4": 0.0477524474,
        "4_BILL_AMT4": 0.0475154929,
        "3_BILL_AMT3": 0.0470869616,
        "15_PAY_6": 0.0401815958,
        "7_EDUCATION": 0.0147396764,
        "9_MARRIAGE": 0.0081547135
    },
    "Shift of Relative Importance": {
        "10_PAY_0": 0.0,
        "11_PAY_2": 0.0875646323,
        "8_LIMIT_BAL": 0.0161993057,
        "1_BILL_AMT1": 0.0155248418,
        "18_PAY_AMT3": 0.0341759697,
        "17_PAY_AMT2": 0.0027087554,
        "16_PAY_AMT1": 0.002824761,
        "0_AGE": 0.013887912,
        "12_PAY_3": 0.0056124926,
        "19_PAY_AMT4": 0.0088011324,
        "2_BILL_AMT2": 0.0138867833,
        "21_PAY_AMT6": 0.0063848644,
        "20_PAY_AMT5": 0.0164512321,
        "6_BILL_AMT6": 0.0040342659,
        "5_BILL_AMT5": 0.0090670548,
        "14_PAY_5": -0.0025083013,
        "13_PAY_4": 0.0143384635,
        "4_BILL_AMT4": -0.0055160634,
        "3_BILL_AMT3": 0.0005597882,
        "15_PAY_6": 0.0100693516,
        "7_EDUCATION": 0.003187852,
        "9_MARRIAGE": -7.98153e-05
    },
    "Description": {
        "10_PAY_0": "PAY_0 (original)",
        "11_PAY_2": "PAY_2 (original)",
        "8_LIMIT_BAL": "LIMIT_BAL (original)",
        "1_BILL_AMT1": "BILL_AMT1 (original)",
        "18_PAY_AMT3": "PAY_AMT3 (original)",
        "17_PAY_AMT2": "PAY_AMT2 (original)",
        "16_PAY_AMT1": "PAY_AMT1 (original)",
        "0_AGE": "AGE (original)",
        "12_PAY_3": "PAY_3 (original)",
        "19_PAY_AMT4": "PAY_AMT4 (original)",
        "2_BILL_AMT2": "BILL_AMT2 (original)",
        "21_PAY_AMT6": "PAY_AMT6 (original)",
        "20_PAY_AMT5": "PAY_AMT5 (original)",
        "6_BILL_AMT6": "BILL_AMT6 (original)",
        "5_BILL_AMT5": "BILL_AMT5 (original)",
        "14_PAY_5": "PAY_5 (original)",
        "13_PAY_4": "PAY_4 (original)",
        "4_BILL_AMT4": "BILL_AMT4 (original)",
        "3_BILL_AMT3": "BILL_AMT3 (original)",
        "15_PAY_6": "PAY_6 (original)",
        "7_EDUCATION": "EDUCATION (original)",
        "9_MARRIAGE": "MARRIAGE (original)"
    }
}