{
    "Coefficient": {
        "10_PAY_0": 294898.875,
        "11_PAY_2": 87872.7734375,
        "8_LIMIT_BAL": 38975.625,
        "1_BILL_AMT1": 36523.1328125,
        "18_PAY_AMT3": 33751.76171875,
        "17_PAY_AMT2": 32147.845703125,
        "16_PAY_AMT1": 27473.01171875,
        "0_AGE": 22658.951171875,
        "12_PAY_3": 20702.7890625,
        "19_PAY_AMT4": 20247.50390625,
        "2_BILL_AMT2": 20089.25390625,
        "21_PAY_AMT6": 19191.94921875,
        "20_PAY_AMT5": 18714.708984375,
        "6_BILL_AMT6": 14685.654296875,
        "5_BILL_AMT5": 14565.0830078125,
        "14_PAY_5": 14342.53125,
        "13_PAY_4": 14082.1435546875,
        "4_BILL_AMT4": 14012.265625,
        "3_BILL_AMT3": 13885.8916015625,
        "15_PAY_6": 11849.5078125,
        "7_EDUCATION": 4346.7138671875,
        "9_MARRIAGE": 2404.8159179688
    },
    "Standard Deviation of Coefficient": {
        "10_PAY_0": 4837.5392504868,
        "11_PAY_2": 4389.0381634249,
        "8_LIMIT_BAL": 486.3014593593,
        "1_BILL_AMT1": 292.8397599371,
        "18_PAY_AMT3": 583.1850317438,
        "17_PAY_AMT2": 584.3615907552,
        "16_PAY_AMT1": 318.6229403621,
        "0_AGE": 427.2891658467,
        "12_PAY_3": 283.7306023105,
        "19_PAY_AMT4": 369.408226086,
        "2_BILL_AMT2": 281.9014400016,
        "21_PAY_AMT6": 431.1023116674,
        "20_PAY_AMT5": 381.7227806275,
        "6_BILL_AMT6": 364.0916780153,
        "5_BILL_AMT5": 274.3382236173,
        "14_PAY_5": 332.2984351453,
        "13_PAY_4": 401.3997968049,
        "4_BILL_AMT4": 314.9040156341,
        "3_BILL_AMT3": 269.4142517806,
        "15_PAY_6": 154.2643454634,
        "7_EDUCATION": 112.3520641917,
        "9_MARRIAGE": 94.566579142
    },
    "Description": {
        "10_PAY_0": "PAY_0 (original)",
        "11_PAY_2": "PAY_2 (original)",
        "8_LIMIT_BAL": "LIMIT_BAL (original)",
        "1_BILL_AMT1": "BILL_AMT1 (original)",
        "18_PAY_AMT3": "PAY_AMT3 (original)",
        "17_PAY_AMT2": "PAY_AMT2 (original)",
        "16_PAY_AMT1": "PAY_AMT1 (original)",
        "0_AGE": "AGE (original)",
        "12_PAY_3": "PAY_3 (original)",
        "19_PAY_AMT4": "PAY_AMT4 (original)",
        "2_BILL_AMT2": "BILL_AMT2 (original)",
        "21_PAY_AMT6": "PAY_AMT6 (original)",
        "20_PAY_AMT5": "PAY_AMT5 (original)",
        "6_BILL_AMT6": "BILL_AMT6 (original)",
        "5_BILL_AMT5": "BILL_AMT5 (original)",
        "14_PAY_5": "PAY_5 (original)",
        "13_PAY_4": "PAY_4 (original)",
        "4_BILL_AMT4": "BILL_AMT4 (original)",
        "3_BILL_AMT3": "BILL_AMT3 (original)",
        "15_PAY_6": "PAY_6 (original)",
        "7_EDUCATION": "EDUCATION (original)",
        "9_MARRIAGE": "MARRIAGE (original)"
    }
}