{
    "Relative Importance": {
        "10_PAY_0": 1.0,
        "11_PAY_2": 0.2979759574,
        "8_LIMIT_BAL": 0.1321660727,
        "1_BILL_AMT1": 0.1238496825,
        "18_PAY_AMT3": 0.1144519821,
        "17_PAY_AMT2": 0.1090131178,
        "16_PAY_AMT1": 0.0931607857,
        "0_AGE": 0.0768363401,
        "12_PAY_3": 0.0702030137,
        "19_PAY_AMT4": 0.0686591417,
        "2_BILL_AMT2": 0.068122521,
        "21_PAY_AMT6": 0.0650797635,
        "20_PAY_AMT5": 0.0634614453,
        "6_BILL_AMT6": 0.0497989506,
        "5_BILL_AMT5": 0.0493900925,
        "14_PAY_5": 0.0486354232,
        "13_PAY_4": 0.0477524474,
        "4_BILL_AMT4": 0.0475154929,
        "3_BILL_AMT3": 0.0470869616,
        "15_PAY_6": 0.0401815958,
        "7_EDUCATION": 0.0147396764,
        "9_MARRIAGE": 0.0081547135
    },
    "Standard Deviation of Relative Importance": {
        "10_PAY_0": 0.0,
        "11_PAY_2": 0.103222928,
        "8_LIMIT_BAL": 0.0136732469,
        "1_BILL_AMT1": 0.0178411992,
        "18_PAY_AMT3": 0.0352935296,
        "17_PAY_AMT2": 0.0155644805,
        "16_PAY_AMT1": 0.0231203612,
        "0_AGE": 0.0231392845,
        "12_PAY_3": 0.0134782783,
        "19_PAY_AMT4": 0.0205925782,
        "2_BILL_AMT2": 0.0167273131,
        "21_PAY_AMT6": 0.0196743669,
        "20_PAY_AMT5": 0.016699042,
        "6_BILL_AMT6": 0.0171637029,
        "5_BILL_AMT5": 0.0140009321,
        "14_PAY_5": 0.0070363671,
        "13_PAY_4": 0.008290974,
        "4_BILL_AMT4": 0.0141063244,
        "3_BILL_AMT3": 0.0136903777,
        "15_PAY_6": 0.0036458407,
        "7_EDUCATION": 0.0042118115,
        "9_MARRIAGE": 0.0036444711
    },
    "Description": {
        "10_PAY_0": "PAY_0 (original)",
        "11_PAY_2": "PAY_2 (original)",
        "8_LIMIT_BAL": "LIMIT_BAL (original)",
        "1_BILL_AMT1": "BILL_AMT1 (original)",
        "18_PAY_AMT3": "PAY_AMT3 (original)",
        "17_PAY_AMT2": "PAY_AMT2 (original)",
        "16_PAY_AMT1": "PAY_AMT1 (original)",
        "0_AGE": "AGE (original)",
        "12_PAY_3": "PAY_3 (original)",
        "19_PAY_AMT4": "PAY_AMT4 (original)",
        "2_BILL_AMT2": "BILL_AMT2 (original)",
        "21_PAY_AMT6": "PAY_AMT6 (original)",
        "20_PAY_AMT5": "PAY_AMT5 (original)",
        "6_BILL_AMT6": "BILL_AMT6 (original)",
        "5_BILL_AMT5": "BILL_AMT5 (original)",
        "14_PAY_5": "PAY_5 (original)",
        "13_PAY_4": "PAY_4 (original)",
        "4_BILL_AMT4": "BILL_AMT4 (original)",
        "3_BILL_AMT3": "BILL_AMT3 (original)",
        "15_PAY_6": "PAY_6 (original)",
        "7_EDUCATION": "EDUCATION (original)",
        "9_MARRIAGE": "MARRIAGE (original)"
    }
}