{
    "Coefficient": {
        "10_PAY_0": 294898.875,
        "11_PAY_2": 87872.7734375,
        "8_LIMIT_BAL": 38975.625,
        "1_BILL_AMT1": 36523.1328125,
        "18_PAY_AMT3": 33751.76171875,
        "17_PAY_AMT2": 32147.845703125,
        "16_PAY_AMT1": 27473.01171875,
        "0_AGE": 22658.951171875,
        "12_PAY_3": 20702.7890625,
        "19_PAY_AMT4": 20247.50390625,
        "2_BILL_AMT2": 20089.25390625,
        "21_PAY_AMT6": 19191.94921875,
        "20_PAY_AMT5": 18714.708984375,
        "6_BILL_AMT6": 14685.654296875,
        "5_BILL_AMT5": 14565.0830078125,
        "14_PAY_5": 14342.53125,
        "13_PAY_4": 14082.1435546875,
        "4_BILL_AMT4": 14012.265625,
        "3_BILL_AMT3": 13885.8916015625,
        "15_PAY_6": 11849.5078125,
        "7_EDUCATION": 4346.7138671875,
        "9_MARRIAGE": 2404.8159179688
    },
    "Shift of Coefficient": {
        "10_PAY_0": 272781.15625,
        "11_PAY_2": 83218.953125,
        "8_LIMIT_BAL": 36410.703125,
        "1_BILL_AMT1": 34127.234375,
        "18_PAY_AMT3": 31976.240234375,
        "17_PAY_AMT2": 29796.63671875,
        "16_PAY_AMT1": 25474.984375,
        "0_AGE": 21266.67578125,
        "12_PAY_3": 19274.193359375,
        "19_PAY_AMT4": 18923.58203125,
        "2_BILL_AMT2": 18889.68359375,
        "21_PAY_AMT6": 17893.751953125,
        "20_PAY_AMT5": 17674.951171875,
        "6_BILL_AMT6": 13673.443359375,
        "5_BILL_AMT5": 13673.2294921875,
        "14_PAY_5": 13211.3486328125,
        "13_PAY_4": 13343.1025390625,
        "4_BILL_AMT4": 12839.328125,
        "3_BILL_AMT3": 12856.81640625,
        "15_PAY_6": 11183.494140625,
        "7_EDUCATION": 4091.2138671875,
        "9_MARRIAGE": 2222.6870117188
    },
    "Description": {
        "10_PAY_0": "PAY_0 (original)",
        "11_PAY_2": "PAY_2 (original)",
        "8_LIMIT_BAL": "LIMIT_BAL (original)",
        "1_BILL_AMT1": "BILL_AMT1 (original)",
        "18_PAY_AMT3": "PAY_AMT3 (original)",
        "17_PAY_AMT2": "PAY_AMT2 (original)",
        "16_PAY_AMT1": "PAY_AMT1 (original)",
        "0_AGE": "AGE (original)",
        "12_PAY_3": "PAY_3 (original)",
        "19_PAY_AMT4": "PAY_AMT4 (original)",
        "2_BILL_AMT2": "BILL_AMT2 (original)",
        "21_PAY_AMT6": "PAY_AMT6 (original)",
        "20_PAY_AMT5": "PAY_AMT5 (original)",
        "6_BILL_AMT6": "BILL_AMT6 (original)",
        "5_BILL_AMT5": "BILL_AMT5 (original)",
        "14_PAY_5": "PAY_5 (original)",
        "13_PAY_4": "PAY_4 (original)",
        "4_BILL_AMT4": "BILL_AMT4 (original)",
        "3_BILL_AMT3": "BILL_AMT3 (original)",
        "15_PAY_6": "PAY_6 (original)",
        "7_EDUCATION": "EDUCATION (original)",
        "9_MARRIAGE": "MARRIAGE (original)"
    }
}