{
    "0": {
        "Threshold (max F1 score)": 0.2859179322,
        "Population": 30000,
        "P: Condition positive": 23364,
        "N: Condition negative": 6636,
        "Test outcome positive": 23202,
        "Test outcome negative": 6798,
        "TP: True Positive": 20232,
        "TN: True Negative": 3666,
        "FP: False Positive": 2970,
        "FN: False Negative": 3132,
        "TPR: (Sensitivity, hit rate, recall)": 0.8659476117,
        "TNR=SPC: (Specificity)": 0.5524412297,
        "PPV: Pos Pred Value (Precision)": 0.8719937936,
        "NPV: Neg Pred Value": 0.5392762577,
        "FPR: False-out": 0.4475587703,
        "FDR: False Discovery Rate": 0.1280062064,
        "FNR: Miss Rate": 0.1340523883,
        "ACC: Accuracy": 0.7966,
        "F1 score": 0.8689601855,
        "MCC: Matthews correlation coefficient": 0.4148141756,
        "Informedness": 0.4183888414,
        "Markedness": 0.4112700514,
        "Prevalence": 0.7788,
        "LR+: Positive likelihood ratio": 1.9348243607,
        "LR-: Negative likelihood ratio": 0.2426545687,
        "DOR: Diagnostic odds ratio": 7.9735748287,
        "FOR: False omission rate": 0.4607237423
    },
    "1": {
        "Threshold (max F1 score)": 0.2859179322,
        "Population": 30000,
        "P: Condition positive": 6636,
        "N: Condition negative": 23364,
        "Test outcome positive": 6798,
        "Test outcome negative": 23202,
        "TP: True Positive": 3666,
        "TN: True Negative": 20232,
        "FP: False Positive": 3132,
        "FN: False Negative": 2970,
        "TPR: (Sensitivity, hit rate, recall)": 0.5524412297,
        "TNR=SPC: (Specificity)": 0.8659476117,
        "PPV: Pos Pred Value (Precision)": 0.5392762577,
        "NPV: Neg Pred Value": 0.8719937936,
        "FPR: False-out": 0.1340523883,
        "FDR: False Discovery Rate": 0.4607237423,
        "FNR: Miss Rate": 0.4475587703,
        "ACC: Accuracy": 0.7966,
        "F1 score": 0.5457793658,
        "MCC: Matthews correlation coefficient": 0.4148141756,
        "Informedness": 0.4183888414,
        "Markedness": 0.4112700514,
        "Prevalence": 0.2212,
        "LR+: Positive likelihood ratio": 4.1210845753,
        "LR-: Negative likelihood ratio": 0.5168427793,
        "DOR: Diagnostic odds ratio": 7.9735748287,
        "FOR: False omission rate": 0.1280062064
    }
}