{
    "Relative Importance": {
        "10_PAY_0": 1.0,
        "8_LIMIT_BAL": 0.1284957975,
        "17_PAY_AMT2": 0.1250321865,
        "16_PAY_AMT1": 0.1218281537,
        "1_BILL_AMT1": 0.1146810427,
        "11_PAY_2": 0.0945987403,
        "18_PAY_AMT3": 0.0900145248,
        "0_AGE": 0.0789490938,
        "21_PAY_AMT6": 0.0715216994,
        "12_PAY_3": 0.0714303032,
        "2_BILL_AMT2": 0.0708988011,
        "4_BILL_AMT4": 0.0681141913,
        "19_PAY_AMT4": 0.0639298558,
        "6_BILL_AMT6": 0.0575597733,
        "3_BILL_AMT3": 0.0524032898,
        "20_PAY_AMT5": 0.049066145,
        "5_BILL_AMT5": 0.0487909019,
        "14_PAY_5": 0.047544796,
        "13_PAY_4": 0.0416908748,
        "15_PAY_6": 0.0302833766,
        "7_EDUCATION": 0.0274064001,
        "9_MARRIAGE": 0.0195362046
    },
    "Standard Deviation of Relative Importance": {
        "10_PAY_0": 0.0,
        "8_LIMIT_BAL": 0.0,
        "17_PAY_AMT2": 0.0,
        "16_PAY_AMT1": 0.0,
        "1_BILL_AMT1": 0.0,
        "11_PAY_2": 0.0,
        "18_PAY_AMT3": 0.0,
        "0_AGE": 0.0,
        "21_PAY_AMT6": 0.0,
        "12_PAY_3": 0.0,
        "2_BILL_AMT2": 0.0,
        "4_BILL_AMT4": 0.0,
        "19_PAY_AMT4": 0.0,
        "6_BILL_AMT6": 0.0,
        "3_BILL_AMT3": 0.0,
        "20_PAY_AMT5": 0.0,
        "5_BILL_AMT5": 0.0,
        "14_PAY_5": 0.0,
        "13_PAY_4": 0.0,
        "15_PAY_6": 0.0,
        "7_EDUCATION": 0.0,
        "9_MARRIAGE": 0.0
    },
    "Description": {
        "10_PAY_0": "PAY_0 (original)",
        "8_LIMIT_BAL": "LIMIT_BAL (original)",
        "17_PAY_AMT2": "PAY_AMT2 (original)",
        "16_PAY_AMT1": "PAY_AMT1 (original)",
        "1_BILL_AMT1": "BILL_AMT1 (original)",
        "11_PAY_2": "PAY_2 (original)",
        "18_PAY_AMT3": "PAY_AMT3 (original)",
        "0_AGE": "AGE (original)",
        "21_PAY_AMT6": "PAY_AMT6 (original)",
        "12_PAY_3": "PAY_3 (original)",
        "2_BILL_AMT2": "BILL_AMT2 (original)",
        "4_BILL_AMT4": "BILL_AMT4 (original)",
        "19_PAY_AMT4": "PAY_AMT4 (original)",
        "6_BILL_AMT6": "BILL_AMT6 (original)",
        "3_BILL_AMT3": "BILL_AMT3 (original)",
        "20_PAY_AMT5": "PAY_AMT5 (original)",
        "5_BILL_AMT5": "BILL_AMT5 (original)",
        "14_PAY_5": "PAY_5 (original)",
        "13_PAY_4": "PAY_4 (original)",
        "15_PAY_6": "PAY_6 (original)",
        "7_EDUCATION": "EDUCATION (original)",
        "9_MARRIAGE": "MARRIAGE (original)"
    }
}