{
    "Relative Importance": {
        "PAY_0": 1.0,
        "LIMIT_BAL": 0.1284957975,
        "PAY_AMT2": 0.1250321865,
        "PAY_AMT1": 0.1218281537,
        "BILL_AMT1": 0.1146810427,
        "PAY_2": 0.0945987403,
        "PAY_AMT3": 0.0900145248,
        "AGE": 0.0789490938,
        "PAY_AMT6": 0.0715216994,
        "PAY_3": 0.0714303032,
        "BILL_AMT2": 0.0708988011,
        "BILL_AMT4": 0.0681141913,
        "PAY_AMT4": 0.0639298558,
        "BILL_AMT6": 0.0575597733,
        "BILL_AMT3": 0.0524032898,
        "PAY_AMT5": 0.049066145,
        "BILL_AMT5": 0.0487909019,
        "PAY_5": 0.047544796,
        "PAY_4": 0.0416908748,
        "PAY_6": 0.0302833766,
        "EDUCATION": 0.0274064001,
        "MARRIAGE": 0.0195362046
    },
    "Standard Deviation of Relative Importance": {
        "PAY_0": 0.0,
        "LIMIT_BAL": 0.0,
        "PAY_AMT2": 0.0,
        "PAY_AMT1": 0.0,
        "BILL_AMT1": 0.0,
        "PAY_2": 0.0,
        "PAY_AMT3": 0.0,
        "AGE": 0.0,
        "PAY_AMT6": 0.0,
        "PAY_3": 0.0,
        "BILL_AMT2": 0.0,
        "BILL_AMT4": 0.0,
        "PAY_AMT4": 0.0,
        "BILL_AMT6": 0.0,
        "BILL_AMT3": 0.0,
        "PAY_AMT5": 0.0,
        "BILL_AMT5": 0.0,
        "PAY_5": 0.0,
        "PAY_4": 0.0,
        "PAY_6": 0.0,
        "EDUCATION": 0.0,
        "MARRIAGE": 0.0
    }
}